"ID","Pred"
"2018_1104_1112",0.263600285646173
"2018_1104_1113",0.54265159799802
"2018_1104_1116",0.782411994727599
"2018_1104_1120",0.67888278548444
"2018_1104_1137",0.395044829911295
"2018_1104_1138",0.410932027345874
"2018_1104_1139",0.423851725347046
"2018_1104_1153",0.440054711083825
"2018_1104_1155",0.704291053858898
"2018_1104_1158",0.544141479990982
"2018_1104_1166",0.907776405448588
"2018_1104_1168",0.764592698088065
"2018_1104_1172",0.831457587264814
"2018_1104_1181",0.81763158303048
"2018_1104_1196",0.752498938783706
"2018_1104_1199",0.88758626166558
"2018_1104_1209",0.798272191452027
"2018_1104_1211",0.782436226189102
"2018_1104_1222",0.722633715873245
"2018_1104_1233",0.445815681567662
"2018_1104_1242",0.709204196673708
"2018_1104_1243",0.544327176322934
"2018_1104_1246",0.463917471564657
"2018_1104_1252",0.723956848632191
"2018_1104_1254",0.567923816284946
"2018_1104_1260",0.447538102497121
"2018_1104_1267",0.25135106029551
"2018_1104_1274",0.210862102230552
"2018_1104_1276",0.227085987681042
"2018_1104_1277",0.471011789594528
"2018_1104_1281",0.288540676343952
"2018_1104_1285",0.215703831525107
"2018_1104_1293",0.102322877689905
"2018_1104_1300",0.30855740022707
"2018_1104_1301",0.26000003251358
"2018_1104_1305",0.083173129955153
"2018_1104_1308",0.479391359913479
"2018_1104_1314",0.400150474682148
"2018_1104_1326",0.669055840708498
"2018_1104_1328",0.443747283403897
"2018_1104_1335",0.384408096368452
"2018_1104_1344",0.714456342933161
"2018_1104_1345",0.503282112059165
"2018_1104_1347",0.205596455236436
"2018_1104_1348",0.170796412804191
"2018_1104_1355",0.766354391569403
"2018_1104_1361",0.719690564667068
"2018_1104_1371",0.732818248274786
"2018_1104_1372",0.515527619675369
"2018_1104_1382",0.815683044751311
"2018_1104_1393",0.911406756989795
"2018_1104_1395",0.892614018257846
"2018_1104_1397",0.458548684373664
"2018_1104_1400",0.80642336279353
"2018_1104_1401",0.791059795264068
"2018_1104_1403",0.491308595484118
"2018_1104_1411",0.446792273758008
"2018_1104_1417",0.709944856564254
"2018_1104_1420",0.199600189964329
"2018_1104_1422",0.527152533457601
"2018_1104_1437",0.751816771275355
"2018_1104_1438",0.565806198797716
"2018_1104_1439",0.238580458266169
"2018_1104_1452",0.430531952385496
"2018_1104_1455",0.550904772636837
"2018_1104_1460",0.229368053149944
"2018_1104_1462",0.919510935620199
"2018_1112_1113",0.93698879974084
"2018_1112_1116",0.977194539301696
"2018_1112_1120",0.815910481948979
"2018_1112_1137",0.971927114776206
"2018_1112_1138",0.931794766233201
"2018_1112_1139",0.948540091749254
"2018_1112_1153",0.940367918273589
"2018_1112_1155",0.808063715122548
"2018_1112_1158",0.779123414233849
"2018_1112_1166",0.914485782077763
"2018_1112_1168",0.945508977224715
"2018_1112_1172",0.631269842903511
"2018_1112_1181",0.823068469999701
"2018_1112_1196",0.617499823499747
"2018_1112_1199",0.597289050637253
"2018_1112_1209",0.0974932543449733
"2018_1112_1211",0.553620868884805
"2018_1112_1222",0.789857632652518
"2018_1112_1233",0.32485979889718
"2018_1112_1242",0.313688376425343
"2018_1112_1243",0.653232422440593
"2018_1112_1246",0.537248387605262
"2018_1112_1252",0.666792140226567
"2018_1112_1254",0.276909466068009
"2018_1112_1260",0.0295690953029007
"2018_1112_1267",0.259166334874867
"2018_1112_1274",0.567500161320325
"2018_1112_1276",0.360797227906392
"2018_1112_1277",0.119503092668993
"2018_1112_1281",0.325644928838517
"2018_1112_1285",0.0974872418712082
"2018_1112_1293",0.312884599851653
"2018_1112_1300",0.114199057030469
"2018_1112_1301",0.246689433111808
"2018_1112_1305",0.514608337641374
"2018_1112_1308",0.22321338663664
"2018_1112_1314",0.294955717032136
"2018_1112_1326",0.346980310470125
"2018_1112_1328",0.496378853020948
"2018_1112_1335",0.216924485493455
"2018_1112_1344",0.0585496700462528
"2018_1112_1345",0.481707294944634
"2018_1112_1347",0.18064302947377
"2018_1112_1348",0.208319509375877
"2018_1112_1355",0.7281236292766
"2018_1112_1361",0.416576864195657
"2018_1112_1371",0.369683894108774
"2018_1112_1372",0.40061985073925
"2018_1112_1382",0.520270155589319
"2018_1112_1393",0.460589161111259
"2018_1112_1395",0.683934853171294
"2018_1112_1397",0.535330696796007
"2018_1112_1400",0.692235301691068
"2018_1112_1401",0.252552661908542
"2018_1112_1403",0.765623041292257
"2018_1112_1411",0.0705081085886648
"2018_1112_1417",0.725229128204094
"2018_1112_1420",0.54590807116259
"2018_1112_1422",0.242972904199422
"2018_1112_1437",0.531317020439097
"2018_1112_1438",0.510164779587375
"2018_1112_1439",0.417039770287538
"2018_1112_1452",0.449114951772558
"2018_1112_1455",0.465503404628489
"2018_1112_1460",0.732868683258538
"2018_1112_1462",0.211924935889071
"2018_1113_1116",0.565703699368723
"2018_1113_1120",0.584237762475132
"2018_1113_1137",0.569487593691967
"2018_1113_1138",0.279653960359995
"2018_1113_1139",0.816756582507082
"2018_1113_1153",0.621585314139915
"2018_1113_1155",0.806665050013218
"2018_1113_1158",0.852979554859721
"2018_1113_1166",0.943560478942134
"2018_1113_1168",0.860191639588796
"2018_1113_1172",0.842224766045204
"2018_1113_1181",0.93107248765964
"2018_1113_1196",0.933513581387207
"2018_1113_1199",0.63359892512509
"2018_1113_1209",0.785463527066613
"2018_1113_1211",0.579170814031432
"2018_1113_1222",0.842028119195837
"2018_1113_1233",0.871298908052215
"2018_1113_1242",0.877925059710123
"2018_1113_1243",0.869560121970094
"2018_1113_1246",0.112974188924491
"2018_1113_1252",0.322979071130677
"2018_1113_1254",0.0292220001780532
"2018_1113_1260",0.292738291163199
"2018_1113_1267",0.256837423458061
"2018_1113_1274",0.310275140004394
"2018_1113_1276",0.564511801206892
"2018_1113_1277",0.118228928045979
"2018_1113_1281",0.511569058865237
"2018_1113_1285",0.521227379023043
"2018_1113_1293",0.071625700391942
"2018_1113_1300",0.357996369027
"2018_1113_1301",0.221111127312599
"2018_1113_1305",0.244435647729857
"2018_1113_1308",0.2924321464085
"2018_1113_1314",0.0964221086493828
"2018_1113_1326",0.344228949177421
"2018_1113_1328",0.340757095151836
"2018_1113_1335",0.46476624923443
"2018_1113_1344",0.702334470513358
"2018_1113_1345",0.45019381605645
"2018_1113_1347",0.196176654731441
"2018_1113_1348",0.386149726063828
"2018_1113_1355",0.0519448412717143
"2018_1113_1361",0.123138927617617
"2018_1113_1371",0.429675290700964
"2018_1113_1372",0.370617837329097
"2018_1113_1382",0.188196906726464
"2018_1113_1393",0.655934790585294
"2018_1113_1395",0.503718572903793
"2018_1113_1397",0.663819608466505
"2018_1113_1400",0.66460997721704
"2018_1113_1401",0.488612206437518
"2018_1113_1403",0.162644603034498
"2018_1113_1411",0.340681817973681
"2018_1113_1417",0.429312866110504
"2018_1113_1420",0.484760599324048
"2018_1113_1422",0.825017440062584
"2018_1113_1437",0.887933710353728
"2018_1113_1438",0.9556133557847
"2018_1113_1439",0.561669435449824
"2018_1113_1452",0.333309424333965
"2018_1113_1455",0.897100623325745
"2018_1113_1460",0.851630838442201
"2018_1113_1462",0.843090923296681
"2018_1116_1120",0.690105277868663
"2018_1116_1137",0.679005769951887
"2018_1116_1138",0.947416580709708
"2018_1116_1139",0.906927449073998
"2018_1116_1153",0.947592843694826
"2018_1116_1155",0.872841574504467
"2018_1116_1158",0.902546956990971
"2018_1116_1166",0.895668684571734
"2018_1116_1168",0.873005649118603
"2018_1116_1172",0.945638577151825
"2018_1116_1181",0.639292423440125
"2018_1116_1196",0.881956326731167
"2018_1116_1199",0.19503640410694
"2018_1116_1209",0.020667369636018
"2018_1116_1211",0.0819717122404702
"2018_1116_1222",0.250630217934322
"2018_1116_1233",0.291444805834711
"2018_1116_1242",0.0513137043802282
"2018_1116_1243",0.432863225138733
"2018_1116_1246",0.0696054364850541
"2018_1116_1252",0.22465535631704
"2018_1116_1254",0.165986621383089
"2018_1116_1260",0.184876414822516
"2018_1116_1267",0.0859241253784608
"2018_1116_1274",0.281059865714053
"2018_1116_1276",0.224913100420908
"2018_1116_1277",0.476106788669357
"2018_1116_1281",0.239764220283458
"2018_1116_1285",0.0403087027112941
"2018_1116_1293",0.269011417302783
"2018_1116_1300",0.431993474930863
"2018_1116_1301",0.423394296707628
"2018_1116_1305",0.265990484925306
"2018_1116_1308",0.403777254547776
"2018_1116_1314",0.534814212935751
"2018_1116_1326",0.0557004415636414
"2018_1116_1328",0.387984481496008
"2018_1116_1335",0.680850079183263
"2018_1116_1344",0.447474437957417
"2018_1116_1345",0.357442365358146
"2018_1116_1347",0.208071544637189
"2018_1116_1348",0.199728177248973
"2018_1116_1355",0.172943764132363
"2018_1116_1361",0.131328815127967
"2018_1116_1371",0.680079559020703
"2018_1116_1372",0.447840162924915
"2018_1116_1382",0.483157855319174
"2018_1116_1393",0.522147864818447
"2018_1116_1395",0.50705349477465
"2018_1116_1397",0.717524277858292
"2018_1116_1400",0.105063822765196
"2018_1116_1401",0.503199560058827
"2018_1116_1403",0.756362731524704
"2018_1116_1411",0.468513538333193
"2018_1116_1417",0.672387891636172
"2018_1116_1420",0.251054564852151
"2018_1116_1422",0.397027995584759
"2018_1116_1437",0.409258657822918
"2018_1116_1438",0.276416785161655
"2018_1116_1439",0.562463897683827
"2018_1116_1452",0.327967160125491
"2018_1116_1455",0.289818769345947
"2018_1116_1460",0.385949743851758
"2018_1116_1462",0.0834955263305376
"2018_1120_1137",0.130731373822165
"2018_1120_1138",0.37901879351672
"2018_1120_1139",0.382654204778064
"2018_1120_1153",0.561591601358492
"2018_1120_1155",0.0660693124127609
"2018_1120_1158",0.651656179316515
"2018_1120_1166",0.604846577504617
"2018_1120_1168",0.136684777134476
"2018_1120_1172",0.0343244887036883
"2018_1120_1181",0.111905871221487
"2018_1120_1196",0.360335675299768
"2018_1120_1199",0.55292392141467
"2018_1120_1209",0.328293245739651
"2018_1120_1211",0.346915300627466
"2018_1120_1222",0.920716393314335
"2018_1120_1233",0.916925435993312
"2018_1120_1242",0.912204501620671
"2018_1120_1243",0.848920036116218
"2018_1120_1246",0.955651706397618
"2018_1120_1252",0.910961886127474
"2018_1120_1254",0.962487695984952
"2018_1120_1260",0.969096018494379
"2018_1120_1267",0.89107391378934
"2018_1120_1274",0.678684292247861
"2018_1120_1276",0.899032943965049
"2018_1120_1277",0.726323558810954
"2018_1120_1281",0.542510552065693
"2018_1120_1285",0.891217394906603
"2018_1120_1293",0.904239505917664
"2018_1120_1300",0.373362775131099
"2018_1120_1301",0.947485077388305
"2018_1120_1305",0.604291212825311
"2018_1120_1308",0.872460044278548
"2018_1120_1314",0.955501275263368
"2018_1120_1326",0.913313572683025
"2018_1120_1328",0.864928879337084
"2018_1120_1335",0.715987407022127
"2018_1120_1344",0.953983361890833
"2018_1120_1345",0.977890379038997
"2018_1120_1347",0.959870493706837
"2018_1120_1348",0.989216009481589
"2018_1120_1355",0.980172358403438
"2018_1120_1361",0.979159948983651
"2018_1120_1371",0.918682535353173
"2018_1120_1372",0.834655028265589
"2018_1120_1382",0.972085258327789
"2018_1120_1393",0.977554574456433
"2018_1120_1395",0.717220017633528
"2018_1120_1397",0.978189516990491
"2018_1120_1400",0.899913394200167
"2018_1120_1401",0.990927405941209
"2018_1120_1403",0.989178140506361
"2018_1120_1411",0.809003315730303
"2018_1120_1417",0.974295689721642
"2018_1120_1420",0.988795521091528
"2018_1120_1422",0.866678943366852
"2018_1120_1437",0.987147036222266
"2018_1120_1438",0.972125366704452
"2018_1120_1439",0.975725971776652
"2018_1120_1452",0.914758738835989
"2018_1120_1455",0.992564376409819
"2018_1120_1460",0.96461279909754
"2018_1120_1462",0.966799234338608
"2018_1137_1138",0.800533771302381
"2018_1137_1139",0.672739584623182
"2018_1137_1153",0.683831265847989
"2018_1137_1155",0.282325876068442
"2018_1137_1158",0.603739818720797
"2018_1137_1166",0.655826644484116
"2018_1137_1168",0.659298229112447
"2018_1137_1172",0.330785067403795
"2018_1137_1181",0.0998850220478852
"2018_1137_1196",0.180904443348499
"2018_1137_1199",0.637506638932254
"2018_1137_1209",0.221437679628057
"2018_1137_1211",0.604093623651794
"2018_1137_1222",0.623830739945552
"2018_1137_1233",0.794286154416283
"2018_1137_1242",0.853808953492477
"2018_1137_1243",0.156346216017333
"2018_1137_1246",0.56025614008076
"2018_1137_1252",0.79996730880698
"2018_1137_1254",0.543926540559632
"2018_1137_1260",0.662419812335573
"2018_1137_1267",0.826950446389405
"2018_1137_1274",0.0463429215499258
"2018_1137_1276",0.511365597737982
"2018_1137_1277",0.319506312811454
"2018_1137_1281",0.770657637376114
"2018_1137_1285",0.885561835154803
"2018_1137_1293",0.879293210221217
"2018_1137_1300",0.453969152860663
"2018_1137_1301",0.877647262597041
"2018_1137_1305",0.851530769395141
"2018_1137_1308",0.861931451727132
"2018_1137_1314",0.956494128065461
"2018_1137_1326",0.935628244509719
"2018_1137_1328",0.29464765894803
"2018_1137_1335",0.596916131619562
"2018_1137_1344",0.890613272800747
"2018_1137_1345",0.517062804559978
"2018_1137_1347",0.937918752343281
"2018_1137_1348",0.851717670260105
"2018_1137_1355",0.82746793133511
"2018_1137_1361",0.937712090881349
"2018_1137_1371",0.880763687487614
"2018_1137_1372",0.794459709143416
"2018_1137_1382",0.15464166375853
"2018_1137_1393",0.79755068049215
"2018_1137_1395",0.650434379251003
"2018_1137_1397",0.817834724718619
"2018_1137_1400",0.947337528387528
"2018_1137_1401",0.926736984629608
"2018_1137_1403",0.638657963580914
"2018_1137_1411",0.86877196081151
"2018_1137_1417",0.410939294214242
"2018_1137_1420",0.0434435753896779
"2018_1137_1422",0.404311043094879
"2018_1137_1437",0.38407160383661
"2018_1137_1438",0.620746047721543
"2018_1137_1439",0.705040901763104
"2018_1137_1452",0.438162451251294
"2018_1137_1455",0.445399204600272
"2018_1137_1460",0.328006834387789
"2018_1137_1462",0.456914133524077
"2018_1138_1139",0.612440795067486
"2018_1138_1153",0.469552998300118
"2018_1138_1155",0.441961402366025
"2018_1138_1158",0.0828981466494966
"2018_1138_1166",0.418528857021137
"2018_1138_1168",0.38442156283321
"2018_1138_1172",0.342725391826959
"2018_1138_1181",0.0195007372145353
"2018_1138_1196",0.621579954763745
"2018_1138_1199",0.0990134877422217
"2018_1138_1209",0.138676336898816
"2018_1138_1211",0.161187955440824
"2018_1138_1222",0.104267521027864
"2018_1138_1233",0.661680645837758
"2018_1138_1242",0.299872765562769
"2018_1138_1243",0.578996252158544
"2018_1138_1246",0.0704993932843547
"2018_1138_1252",0.168259858992496
"2018_1138_1254",0.295891544367491
"2018_1138_1260",0.02655795881044
"2018_1138_1267",0.347154427859772
"2018_1138_1274",0.289633197490864
"2018_1138_1276",0.22673397121676
"2018_1138_1277",0.495771100915088
"2018_1138_1281",0.238521151831958
"2018_1138_1285",0.335724971218264
"2018_1138_1293",0.486990845451524
"2018_1138_1300",0.32543405027063
"2018_1138_1301",0.390806269147398
"2018_1138_1305",0.0619273064025044
"2018_1138_1308",0.589472972472939
"2018_1138_1314",0.322383951605732
"2018_1138_1326",0.301861854467676
"2018_1138_1328",0.0881882628452108
"2018_1138_1335",0.319025237542735
"2018_1138_1344",0.272801586157783
"2018_1138_1345",0.0653561563431082
"2018_1138_1347",0.540203204287211
"2018_1138_1348",0.103488783765701
"2018_1138_1355",0.0515030350458453
"2018_1138_1361",0.204641086401506
"2018_1138_1371",0.0118063443713425
"2018_1138_1372",0.108356225320665
"2018_1138_1382",0.496656980722412
"2018_1138_1393",0.272508257729639
"2018_1138_1395",0.0435768091947088
"2018_1138_1397",0.452400148698024
"2018_1138_1400",0.201560206783908
"2018_1138_1401",0.284039797288688
"2018_1138_1403",0.533404337597614
"2018_1138_1411",0.515476908849993
"2018_1138_1417",0.480162315327248
"2018_1138_1420",0.313114412326672
"2018_1138_1422",0.488936793727146
"2018_1138_1437",0.582840046034585
"2018_1138_1438",0.0258601206920209
"2018_1138_1439",0.445635317470313
"2018_1138_1452",0.26741087538913
"2018_1138_1455",0.233590247311938
"2018_1138_1460",0.0603577265698132
"2018_1138_1462",0.105742529055194
"2018_1139_1153",0.319460188066888
"2018_1139_1155",0.316439814116943
"2018_1139_1158",0.296130742336113
"2018_1139_1166",0.340983396719986
"2018_1139_1168",0.0424512846311543
"2018_1139_1172",0.221975708421315
"2018_1139_1181",0.329654519580139
"2018_1139_1196",0.384316070156221
"2018_1139_1199",0.0637055724063397
"2018_1139_1209",0.100979200004852
"2018_1139_1211",0.489822324618309
"2018_1139_1222",0.267121214131324
"2018_1139_1233",0.197195518265314
"2018_1139_1242",0.0114915445277816
"2018_1139_1243",0.200226413177262
"2018_1139_1246",0.0501835295865107
"2018_1139_1252",0.0860141156227899
"2018_1139_1254",0.444297029371388
"2018_1139_1260",0.538260212131634
"2018_1139_1267",0.170219702003465
"2018_1139_1274",0.558882766118826
"2018_1139_1276",0.274114320737596
"2018_1139_1277",0.719668423492313
"2018_1139_1281",0.772602780572889
"2018_1139_1285",0.784984855010464
"2018_1139_1293",0.753409386533822
"2018_1139_1300",0.746824418483873
"2018_1139_1301",0.078152800654819
"2018_1139_1305",0.592797003673456
"2018_1139_1308",0.59651320839736
"2018_1139_1314",0.816914671952216
"2018_1139_1326",0.124022202197311
"2018_1139_1328",0.599860912774351
"2018_1139_1335",0.231090399748563
"2018_1139_1344",0.665938198137876
"2018_1139_1345",0.0357967014150459
"2018_1139_1347",0.264005571992382
"2018_1139_1348",0.754067161127022
"2018_1139_1355",0.610969965289396
"2018_1139_1361",0.493248116823213
"2018_1139_1371",0.573304832755137
"2018_1139_1372",0.622981915412769
"2018_1139_1382",0.47675414133587
"2018_1139_1393",0.178503616751219
"2018_1139_1395",0.144371972492278
"2018_1139_1397",0.53789257919209
"2018_1139_1400",0.439602311837488
"2018_1139_1401",0.777370954981929
"2018_1139_1403",0.794721716186262
"2018_1139_1411",0.868773285010737
"2018_1139_1417",0.918590732082033
"2018_1139_1420",0.763736601537431
"2018_1139_1422",0.405214053320044
"2018_1139_1437",0.319820837384685
"2018_1139_1438",0.219697729641764
"2018_1139_1439",0.816922185729121
"2018_1139_1452",0.72642198446255
"2018_1139_1455",0.923807509658328
"2018_1139_1460",0.807976298971868
"2018_1139_1462",0.556368745559522
"2018_1153_1155",0.910288620504759
"2018_1153_1158",0.109763261324651
"2018_1153_1166",0.907377941095034
"2018_1153_1168",0.543646756514524
"2018_1153_1172",0.832739790368723
"2018_1153_1181",0.89502245551219
"2018_1153_1196",0.936782335669166
"2018_1153_1199",0.910577592009326
"2018_1153_1209",0.751613149039352
"2018_1153_1211",0.419157276882865
"2018_1153_1222",0.794480310379864
"2018_1153_1233",0.839117453449203
"2018_1153_1242",0.830790841723415
"2018_1153_1243",0.359126416307658
"2018_1153_1246",0.722622719452488
"2018_1153_1252",0.777348898061481
"2018_1153_1254",0.828612431739714
"2018_1153_1260",0.499530107945041
"2018_1153_1267",0.920612304470293
"2018_1153_1274",0.845862166551671
"2018_1153_1276",0.821082632624643
"2018_1153_1277",0.647960927636595
"2018_1153_1281",0.691431378288256
"2018_1153_1285",0.163298882811706
"2018_1153_1293",0.333434971750951
"2018_1153_1300",0.465052462853433
"2018_1153_1301",0.245816327174412
"2018_1153_1305",0.452289720829851
"2018_1153_1308",0.755686899483456
"2018_1153_1314",0.0787380725628143
"2018_1153_1326",0.871644253032684
"2018_1153_1328",0.89366958880186
"2018_1153_1335",0.744683982807285
"2018_1153_1344",0.8755238277264
"2018_1153_1345",0.911283743136987
"2018_1153_1347",0.77534016484165
"2018_1153_1348",0.320768535971385
"2018_1153_1355",0.875909515609318
"2018_1153_1361",0.855282258702862
"2018_1153_1371",0.886642521049713
"2018_1153_1372",0.279767778421572
"2018_1153_1382",0.67716602858056
"2018_1153_1393",0.791840136323762
"2018_1153_1395",0.707614696432439
"2018_1153_1397",0.783337039325148
"2018_1153_1400",0.410091959502244
"2018_1153_1401",0.408943259602633
"2018_1153_1403",0.643606629535778
"2018_1153_1411",0.728528470480737
"2018_1153_1417",0.728235841116133
"2018_1153_1420",0.770187286294022
"2018_1153_1422",0.889361885179222
"2018_1153_1437",0.772904780620725
"2018_1153_1438",0.977633474290415
"2018_1153_1439",0.79197391269123
"2018_1153_1452",0.992764239740767
"2018_1153_1455",0.625071836367019
"2018_1153_1460",0.988952579379551
"2018_1153_1462",0.983696317970707
"2018_1155_1158",0.99393739416563
"2018_1155_1166",0.941548373506767
"2018_1155_1168",0.982727353624236
"2018_1155_1172",0.931321252850977
"2018_1155_1181",0.944314068036303
"2018_1155_1196",0.995033993384356
"2018_1155_1199",0.985363095627212
"2018_1155_1209",0.907043593678582
"2018_1155_1211",0.98122802940857
"2018_1155_1222",0.902076039502058
"2018_1155_1233",0.97925683154265
"2018_1155_1242",0.992507450651869
"2018_1155_1243",0.99348845215326
"2018_1155_1246",0.992789651336409
"2018_1155_1252",0.864091688320466
"2018_1155_1254",0.986018909592684
"2018_1155_1260",0.991400342286179
"2018_1155_1267",0.972395997414122
"2018_1155_1274",0.98670263588543
"2018_1155_1276",0.952089745275729
"2018_1155_1277",0.985160853120249
"2018_1155_1281",0.976142921242363
"2018_1155_1285",0.972902382666615
"2018_1155_1293",0.984933772395504
"2018_1155_1300",0.993662978910025
"2018_1155_1301",0.931016786649677
"2018_1155_1305",0.883411031540578
"2018_1155_1308",0.981255254607165
"2018_1155_1314",0.608527193409234
"2018_1155_1326",0.783510659472065
"2018_1155_1328",0.845545029555268
"2018_1155_1335",0.0942154668465583
"2018_1155_1344",0.789410499624584
"2018_1155_1345",0.351887601723345
"2018_1155_1347",0.789999009542929
"2018_1155_1348",0.210482052399049
"2018_1155_1355",0.669676178094923
"2018_1155_1361",0.316619559252423
"2018_1155_1371",0.622422716616883
"2018_1155_1372",0.0294519332362362
"2018_1155_1382",0.709790617927861
"2018_1155_1393",0.269400179294673
"2018_1155_1395",0.810752514065028
"2018_1155_1397",0.817492796927135
"2018_1155_1400",0.658336023093869
"2018_1155_1401",0.544255712964262
"2018_1155_1403",0.201077344997002
"2018_1155_1411",0.563282545432536
"2018_1155_1417",0.0435653681315357
"2018_1155_1420",0.270336188028791
"2018_1155_1422",0.759019961034475
"2018_1155_1437",0.305603238375307
"2018_1155_1438",0.527832693078502
"2018_1155_1439",0.147998814741957
"2018_1155_1452",0.647799838975892
"2018_1155_1455",0.641075848476226
"2018_1155_1460",0.644615594410157
"2018_1155_1462",0.171512424582555
"2018_1158_1166",0.588158521123701
"2018_1158_1168",0.806521348411115
"2018_1158_1172",0.588516756204901
"2018_1158_1181",0.495189121259036
"2018_1158_1196",0.490431239849344
"2018_1158_1199",0.222246874485919
"2018_1158_1209",0.743010118252518
"2018_1158_1211",0.545231697960222
"2018_1158_1222",0.736244666396735
"2018_1158_1233",0.0228697664081655
"2018_1158_1242",0.0339393112124946
"2018_1158_1243",0.609930016461754
"2018_1158_1246",0.498698042502778
"2018_1158_1252",0.524145010080092
"2018_1158_1254",0.137685387538131
"2018_1158_1260",0.597770714524307
"2018_1158_1267",0.445823784852155
"2018_1158_1274",0.583158108097932
"2018_1158_1276",0.74368619542145
"2018_1158_1277",0.579405628180146
"2018_1158_1281",0.708396962228862
"2018_1158_1285",0.170551325667714
"2018_1158_1293",0.653546387983295
"2018_1158_1300",0.463003542043206
"2018_1158_1301",0.221426841648511
"2018_1158_1305",0.295159614795587
"2018_1158_1308",0.426050755102771
"2018_1158_1314",0.524513911931908
"2018_1158_1326",0.162563427776304
"2018_1158_1328",0.263267631249811
"2018_1158_1335",0.559748501363614
"2018_1158_1344",0.775520439187573
"2018_1158_1345",0.11814797300461
"2018_1158_1347",0.762758058325737
"2018_1158_1348",0.767670586375898
"2018_1158_1355",0.4307119811469
"2018_1158_1361",0.808512878555536
"2018_1158_1371",0.479457706509543
"2018_1158_1372",0.0742669505338076
"2018_1158_1382",0.253419237325188
"2018_1158_1393",0.586539815830385
"2018_1158_1395",0.840042540857495
"2018_1158_1397",0.714472386048953
"2018_1158_1400",0.835265186027781
"2018_1158_1401",0.224823130423646
"2018_1158_1403",0.840518141150863
"2018_1158_1411",0.739599836675938
"2018_1158_1417",0.340627521246777
"2018_1158_1420",0.666751044246908
"2018_1158_1422",0.574170949941303
"2018_1158_1437",0.0407798523794814
"2018_1158_1438",0.729691246526405
"2018_1158_1439",0.341695262267667
"2018_1158_1452",0.432027585393262
"2018_1158_1455",0.658074378280192
"2018_1158_1460",0.685312414856658
"2018_1158_1462",0.857181630229753
"2018_1166_1168",0.0599861444110225
"2018_1166_1172",0.717607140074856
"2018_1166_1181",0.625897368147381
"2018_1166_1196",0.815248739454517
"2018_1166_1199",0.853801332590902
"2018_1166_1209",0.884652718041693
"2018_1166_1211",0.593707334535504
"2018_1166_1222",0.69783577028471
"2018_1166_1233",0.667079612547023
"2018_1166_1242",0.381405481946514
"2018_1166_1243",0.57881842810563
"2018_1166_1246",0.2719298519671
"2018_1166_1252",0.643746817616651
"2018_1166_1254",0.127188632120177
"2018_1166_1260",0.862548631907652
"2018_1166_1267",0.195727502726099
"2018_1166_1274",0.260686100445712
"2018_1166_1276",0.393605439193942
"2018_1166_1277",0.720421031319541
"2018_1166_1281",0.774087343690868
"2018_1166_1285",0.610309861551762
"2018_1166_1293",0.276072394025325
"2018_1166_1300",0.339729808127667
"2018_1166_1301",0.162604561122229
"2018_1166_1305",0.09002712083936
"2018_1166_1308",0.456839610547862
"2018_1166_1314",0.35122351795283
"2018_1166_1326",0.593798951756899
"2018_1166_1328",0.204457202424507
"2018_1166_1335",0.322927707609859
"2018_1166_1344",0.0896387171963561
"2018_1166_1345",0.126624609951188
"2018_1166_1347",0.32630781987406
"2018_1166_1348",0.500247366000616
"2018_1166_1355",0.293331001392754
"2018_1166_1361",0.526768613845085
"2018_1166_1371",0.207570851311939
"2018_1166_1372",0.268385286768867
"2018_1166_1382",0.0629756715037262
"2018_1166_1393",0.276368101463701
"2018_1166_1395",0.533579622763273
"2018_1166_1397",0.241788510098372
"2018_1166_1400",0.491465103784428
"2018_1166_1401",0.052384782769105
"2018_1166_1403",0.0270248073007444
"2018_1166_1411",0.501133294913095
"2018_1166_1417",0.39507738001268
"2018_1166_1420",0.305648608045863
"2018_1166_1422",0.0120170831119048
"2018_1166_1437",0.544647311820467
"2018_1166_1438",0.0664584559454232
"2018_1166_1439",0.110098334565332
"2018_1166_1452",0.105161865911853
"2018_1166_1455",0.22988861000987
"2018_1166_1460",0.25618522510958
"2018_1166_1462",0.217849549987821
"2018_1168_1172",0.00803813451507637
"2018_1168_1181",0.0443291995883139
"2018_1168_1196",0.329376997234625
"2018_1168_1199",0.289351108867866
"2018_1168_1209",0.171133285795297
"2018_1168_1211",0.531650649197214
"2018_1168_1222",0.354528383112774
"2018_1168_1233",0.350184473128842
"2018_1168_1242",0.669581893044111
"2018_1168_1243",0.444334032263664
"2018_1168_1246",0.518975637468436
"2018_1168_1252",0.503876273193779
"2018_1168_1254",0.434775569977257
"2018_1168_1260",0.697951836050414
"2018_1168_1267",0.500021991857173
"2018_1168_1274",0.400721105296152
"2018_1168_1276",0.368698368118049
"2018_1168_1277",0.705776413599971
"2018_1168_1281",0.46534983628919
"2018_1168_1285",0.233133577717547
"2018_1168_1293",0.444699256338712
"2018_1168_1300",0.0550356618116528
"2018_1168_1301",0.57796343075907
"2018_1168_1305",0.754012848352048
"2018_1168_1308",0.700066483221389
"2018_1168_1314",0.0248702399959126
"2018_1168_1326",0.0167074805426253
"2018_1168_1328",0.20598491596785
"2018_1168_1335",0.638154998383022
"2018_1168_1344",0.678081858751553
"2018_1168_1345",0.479984570892329
"2018_1168_1347",0.171808162826763
"2018_1168_1348",0.0886418088944193
"2018_1168_1355",0.384970685179867
"2018_1168_1361",0.507357814603843
"2018_1168_1371",0.714940976217446
"2018_1168_1372",0.129885569923489
"2018_1168_1382",0.123518654755877
"2018_1168_1393",0.197704331017797
"2018_1168_1395",0.677307822879502
"2018_1168_1397",0.103874702824249
"2018_1168_1400",0.419347195104344
"2018_1168_1401",0.593938604530111
"2018_1168_1403",0.581622749611368
"2018_1168_1411",0.507476629833288
"2018_1168_1417",0.344108549921814
"2018_1168_1420",0.281465959750013
"2018_1168_1422",0.210134117440945
"2018_1168_1437",0.409815303074295
"2018_1168_1438",0.748581855536324
"2018_1168_1439",0.581044280677947
"2018_1168_1452",0.797965934400032
"2018_1168_1455",0.755554215628567
"2018_1168_1460",0.0698064456559402
"2018_1168_1462",0.694419867583476
"2018_1172_1181",0.750468767637187
"2018_1172_1196",0.497776658088496
"2018_1172_1199",0.507846320382583
"2018_1172_1209",0.763687430830963
"2018_1172_1211",0.638282651543482
"2018_1172_1222",0.566848589107993
"2018_1172_1233",0.462828229692026
"2018_1172_1242",0.54324045530417
"2018_1172_1243",0.153680165837816
"2018_1172_1246",0.111369016809793
"2018_1172_1252",0.414427160549696
"2018_1172_1254",0.563059296214629
"2018_1172_1260",0.429398564852076
"2018_1172_1267",0.0214247557356256
"2018_1172_1274",0.730757696028985
"2018_1172_1276",0.44645529030108
"2018_1172_1277",0.73005989543441
"2018_1172_1281",0.250527668103614
"2018_1172_1285",0.5286376996305
"2018_1172_1293",0.129950627396836
"2018_1172_1300",0.0318176536738955
"2018_1172_1301",0.723080581524722
"2018_1172_1305",0.210923658655999
"2018_1172_1308",0.24099995551339
"2018_1172_1314",0.161315648573151
"2018_1172_1326",0.482019179406908
"2018_1172_1328",0.570265107369768
"2018_1172_1335",0.507708290712675
"2018_1172_1344",0.941053520880491
"2018_1172_1345",0.88691191194556
"2018_1172_1347",0.677456090773006
"2018_1172_1348",0.846734538918255
"2018_1172_1355",0.587875534508659
"2018_1172_1361",0.875262456059159
"2018_1172_1371",0.788278224317069
"2018_1172_1372",0.401906921501017
"2018_1172_1382",0.73774267036479
"2018_1172_1393",0.801389522186454
"2018_1172_1395",0.846926392167392
"2018_1172_1397",0.105058257713108
"2018_1172_1400",0.629973222234779
"2018_1172_1401",0.873569448355112
"2018_1172_1403",0.791437750890487
"2018_1172_1411",0.841630956925453
"2018_1172_1417",0.881712248767274
"2018_1172_1420",0.943093991784473
"2018_1172_1422",0.941608594661185
"2018_1172_1437",0.95490913911805
"2018_1172_1438",0.924153859869158
"2018_1172_1439",0.881464137109171
"2018_1172_1452",0.933336059282807
"2018_1172_1455",0.864444034751448
"2018_1172_1460",0.286926316638139
"2018_1172_1462",0.904410912225059
"2018_1181_1196",0.149809986514193
"2018_1181_1199",0.93548899217772
"2018_1181_1209",0.822056801338077
"2018_1181_1211",0.493321217434125
"2018_1181_1222",0.589025961302435
"2018_1181_1233",0.85741495061423
"2018_1181_1242",0.935702523777145
"2018_1181_1243",0.94543797898285
"2018_1181_1246",0.876775155468681
"2018_1181_1252",0.64187396491585
"2018_1181_1254",0.847302152820635
"2018_1181_1260",0.812190041609216
"2018_1181_1267",0.444705004401974
"2018_1181_1274",0.833043521205015
"2018_1181_1276",0.0186834827546307
"2018_1181_1277",0.187883492879048
"2018_1181_1281",0.472578584324706
"2018_1181_1285",0.0612623309869427
"2018_1181_1293",0.774504803421833
"2018_1181_1300",0.376499338825996
"2018_1181_1301",0.721388303538484
"2018_1181_1305",0.532280115686188
"2018_1181_1308",0.702402693416341
"2018_1181_1314",0.216376341236946
"2018_1181_1326",0.254091946517535
"2018_1181_1328",0.138018030898522
"2018_1181_1335",0.737554904175944
"2018_1181_1344",0.605446995902798
"2018_1181_1345",0.395557594178498
"2018_1181_1347",0.473670538847982
"2018_1181_1348",0.728841628783592
"2018_1181_1355",0.31329862218129
"2018_1181_1361",0.547291695019215
"2018_1181_1371",0.559853374580152
"2018_1181_1372",0.428330360932459
"2018_1181_1382",0.22521944188405
"2018_1181_1393",0.663997582075791
"2018_1181_1395",0.38097829564749
"2018_1181_1397",0.46291870744919
"2018_1181_1400",0.4729472644053
"2018_1181_1401",0.412241249027329
"2018_1181_1403",0.0982752172335273
"2018_1181_1411",0.701661406847742
"2018_1181_1417",0.136375221272488
"2018_1181_1420",0.546702753095228
"2018_1181_1422",0.723403895500231
"2018_1181_1437",0.114954775549225
"2018_1181_1438",0.508421798070271
"2018_1181_1439",0.694255345731545
"2018_1181_1452",0.535745983308551
"2018_1181_1455",0.143296496988396
"2018_1181_1460",0.493743258379908
"2018_1181_1462",0.0277843767309453
"2018_1196_1199",0.188609394579039
"2018_1196_1209",0.528439986671331
"2018_1196_1211",0.447281942554473
"2018_1196_1222",0.511000325562051
"2018_1196_1233",0.404549613524678
"2018_1196_1242",0.0280823957618715
"2018_1196_1243",0.131054929923463
"2018_1196_1246",0.00835908228147114
"2018_1196_1252",0.2843319717991
"2018_1196_1254",0.210952962223837
"2018_1196_1260",0.11402592697302
"2018_1196_1267",0.108934914169258
"2018_1196_1274",0.16805151637342
"2018_1196_1276",0.60328409061484
"2018_1196_1277",0.510114789951576
"2018_1196_1281",0.236951690222636
"2018_1196_1285",0.314219030880674
"2018_1196_1293",0.534097318022619
"2018_1196_1300",0.543389637246269
"2018_1196_1301",0.0929126472293294
"2018_1196_1305",0.34863984480317
"2018_1196_1308",0.360270518226664
"2018_1196_1314",0.276206925918488
"2018_1196_1326",0.0124949017219709
"2018_1196_1328",0.0653456722219363
"2018_1196_1335",0.536597469144302
"2018_1196_1344",0.214138906661301
"2018_1196_1345",0.284922732218619
"2018_1196_1347",0.0460319397255989
"2018_1196_1348",0.335044465812465
"2018_1196_1355",0.0689498817361862
"2018_1196_1361",0.501333075569069
"2018_1196_1371",0.466650320592504
"2018_1196_1372",0.348100298982384
"2018_1196_1382",0.249098941813272
"2018_1196_1393",0.0661984286851241
"2018_1196_1395",0.554418935658885
"2018_1196_1397",0.314090002690506
"2018_1196_1400",0.331618401311287
"2018_1196_1401",0.0933137826950353
"2018_1196_1403",0.224650643515669
"2018_1196_1411",0.054379341129756
"2018_1196_1417",0.338154571023819
"2018_1196_1420",0.284031087824037
"2018_1196_1422",0.263779505563377
"2018_1196_1437",0.301579963418079
"2018_1196_1438",0.958361292526693
"2018_1196_1439",0.729190490679079
"2018_1196_1452",0.961903346224911
"2018_1196_1455",0.958219650589519
"2018_1196_1460",0.388899160223292
"2018_1196_1462",0.925393817682841
"2018_1199_1209",0.918389022876086
"2018_1199_1211",0.893673980760063
"2018_1199_1222",0.768617785664226
"2018_1199_1233",0.937358777668171
"2018_1199_1242",0.87244157224237
"2018_1199_1243",0.854829792518137
"2018_1199_1246",0.156589483412646
"2018_1199_1252",0.897708025485381
"2018_1199_1254",0.921807518316829
"2018_1199_1260",0.515218182875837
"2018_1199_1267",0.857176112721544
"2018_1199_1274",0.864528035828564
"2018_1199_1276",0.904857416821734
"2018_1199_1277",0.917339010304985
"2018_1199_1281",0.963250271584204
"2018_1199_1285",0.897441290286283
"2018_1199_1293",0.879612155607252
"2018_1199_1300",0.739221149168325
"2018_1199_1301",0.558808806947616
"2018_1199_1305",0.956790271448381
"2018_1199_1308",0.950667869900854
"2018_1199_1314",0.971009104606773
"2018_1199_1326",0.606279703774638
"2018_1199_1328",0.962269957812954
"2018_1199_1335",0.960430093544591
"2018_1199_1344",0.964795003959448
"2018_1199_1345",0.909842899431964
"2018_1199_1347",0.693887597335467
"2018_1199_1348",0.619930445528122
"2018_1199_1355",0.217946296244959
"2018_1199_1361",0.897305072368906
"2018_1199_1371",0.921636032900938
"2018_1199_1372",0.609587587504266
"2018_1199_1382",0.909793764771882
"2018_1199_1393",0.692877654727526
"2018_1199_1395",0.916162387212618
"2018_1199_1397",0.887531429189654
"2018_1199_1400",0.816481127687032
"2018_1199_1401",0.749891796308265
"2018_1199_1403",0.766853393540694
"2018_1199_1411",0.259678542126483
"2018_1199_1417",0.553356417494579
"2018_1199_1420",0.594475435557952
"2018_1199_1422",0.302032801344432
"2018_1199_1437",0.0350319638929638
"2018_1199_1438",0.52265239670655
"2018_1199_1439",0.434094740125695
"2018_1199_1452",0.438776692628436
"2018_1199_1455",0.591113386705313
"2018_1199_1460",0.4711724604919
"2018_1199_1462",0.269682318171289
"2018_1209_1211",0.76864555713
"2018_1209_1222",0.749226568108063
"2018_1209_1233",0.715129674961965
"2018_1209_1242",0.60563570863715
"2018_1209_1243",0.167080862360197
"2018_1209_1246",0.0236147541388144
"2018_1209_1252",0.567966396675741
"2018_1209_1254",0.781182080050164
"2018_1209_1260",0.121610392205695
"2018_1209_1267",0.141628411073057
"2018_1209_1274",0.532691530455801
"2018_1209_1276",0.813542473875676
"2018_1209_1277",0.227971344252821
"2018_1209_1281",0.605067896798623
"2018_1209_1285",0.453945825331323
"2018_1209_1293",0.660939375280986
"2018_1209_1300",0.169021168500649
"2018_1209_1301",0.773472379607148
"2018_1209_1305",0.126399166657339
"2018_1209_1308",0.759721446098092
"2018_1209_1314",0.567819445572133
"2018_1209_1326",0.487653300398578
"2018_1209_1328",0.0765550388899297
"2018_1209_1335",0.175244283127012
"2018_1209_1344",0.532323316108803
"2018_1209_1345",0.742568067944052
"2018_1209_1347",0.587381849949224
"2018_1209_1348",0.366915329839034
"2018_1209_1355",0.227136358064848
"2018_1209_1361",0.533413702202797
"2018_1209_1371",0.617709305659263
"2018_1209_1372",0.506902254310157
"2018_1209_1382",0.592457608977211
"2018_1209_1393",0.862946019565718
"2018_1209_1395",0.735322327672167
"2018_1209_1397",0.70130913344332
"2018_1209_1400",0.826314327379974
"2018_1209_1401",0.861752960626166
"2018_1209_1403",0.628049934039386
"2018_1209_1411",0.0438270629024839
"2018_1209_1417",0.866148027816676
"2018_1209_1420",0.845359307543895
"2018_1209_1422",0.674798667197729
"2018_1209_1437",0.411701303861788
"2018_1209_1438",0.744273836421555
"2018_1209_1439",0.871228698150534
"2018_1209_1452",0.597045572900875
"2018_1209_1455",0.850348057293071
"2018_1209_1460",0.27544685251147
"2018_1209_1462",0.683575227367376
"2018_1211_1222",0.729571724155798
"2018_1211_1233",0.643342522698777
"2018_1211_1242",0.399309802242334
"2018_1211_1243",0.743821203159134
"2018_1211_1246",0.27822524178321
"2018_1211_1252",0.849896536283307
"2018_1211_1254",0.207844160605542
"2018_1211_1260",0.0643722029854141
"2018_1211_1267",0.135778641822033
"2018_1211_1274",0.52343910332411
"2018_1211_1276",0.215196732566998
"2018_1211_1277",0.287080039995125
"2018_1211_1281",0.786974075437673
"2018_1211_1285",0.358816749586624
"2018_1211_1293",0.713462054950463
"2018_1211_1300",0.85698258600476
"2018_1211_1301",0.713584463715331
"2018_1211_1305",0.683255208935361
"2018_1211_1308",0.667555873390816
"2018_1211_1314",0.732602747237938
"2018_1211_1326",0.357724579785252
"2018_1211_1328",0.892111506780857
"2018_1211_1335",0.684202458752478
"2018_1211_1344",0.660810690733906
"2018_1211_1345",0.238207503806846
"2018_1211_1347",0.61172237100503
"2018_1211_1348",0.753828216225872
"2018_1211_1355",0.450577349867867
"2018_1211_1361",0.76315906660706
"2018_1211_1371",0.779485498056862
"2018_1211_1372",0.61171821001925
"2018_1211_1382",0.451869141653876
"2018_1211_1393",0.540589013663581
"2018_1211_1395",0.772625392750157
"2018_1211_1397",0.48915276955196
"2018_1211_1400",0.284104413714443
"2018_1211_1401",0.0253341085502518
"2018_1211_1403",0.571086112704903
"2018_1211_1411",0.273766197989561
"2018_1211_1417",0.0375506183727937
"2018_1211_1420",0.129518208847955
"2018_1211_1422",0.456588126566153
"2018_1211_1437",0.824224758510721
"2018_1211_1438",0.177348459824404
"2018_1211_1439",0.622146553534145
"2018_1211_1452",0.78120826454367
"2018_1211_1455",0.762517950952993
"2018_1211_1460",0.366171692474275
"2018_1211_1462",0.78584601139214
"2018_1222_1233",0.729575964031051
"2018_1222_1242",0.756097475393488
"2018_1222_1243",0.793247153770833
"2018_1222_1246",0.585405173528647
"2018_1222_1252",0.505661160669151
"2018_1222_1254",0.604725692411286
"2018_1222_1260",0.134570671275089
"2018_1222_1267",0.585550509537491
"2018_1222_1274",0.676892118972321
"2018_1222_1276",0.471855312610785
"2018_1222_1277",0.550209273702375
"2018_1222_1281",0.608404947720673
"2018_1222_1285",0.634571450995196
"2018_1222_1293",0.185901578014578
"2018_1222_1300",0.0818059475953892
"2018_1222_1301",0.62270512192725
"2018_1222_1305",0.550575295047766
"2018_1222_1308",0.524892708550757
"2018_1222_1314",0.179382323678445
"2018_1222_1326",0.240030984207573
"2018_1222_1328",0.150614719579245
"2018_1222_1335",0.240898597730915
"2018_1222_1344",0.383804586261885
"2018_1222_1345",0.551293109470715
"2018_1222_1347",0.317432975243284
"2018_1222_1348",0.532428289793908
"2018_1222_1355",0.35652695018947
"2018_1222_1361",0.703771316577426
"2018_1222_1371",0.684110902284899
"2018_1222_1372",0.202144221269882
"2018_1222_1382",0.210561960362956
"2018_1222_1393",0.128097401478358
"2018_1222_1395",0.360905839774772
"2018_1222_1397",0.0171696712086725
"2018_1222_1400",0.441608944792949
"2018_1222_1401",0.391563555549936
"2018_1222_1403",0.126555338779664
"2018_1222_1411",0.683344593251887
"2018_1222_1417",0.0255523746835575
"2018_1222_1420",0.472262244666508
"2018_1222_1422",0.090909986998566
"2018_1222_1437",0.695475982247462
"2018_1222_1438",0.514293980891662
"2018_1222_1439",0.279684995237216
"2018_1222_1452",0.0946200656334222
"2018_1222_1455",0.525308447643262
"2018_1222_1460",0.705862391440942
"2018_1222_1462",0.675693991657283
"2018_1233_1242",0.711507453015414
"2018_1233_1243",0.584719185656413
"2018_1233_1246",0.506961073098661
"2018_1233_1252",0.40740503434464
"2018_1233_1254",0.0564972298248145
"2018_1233_1260",0.759124981586293
"2018_1233_1267",0.375182562324136
"2018_1233_1274",0.451197714140997
"2018_1233_1276",0.175106700746597
"2018_1233_1277",0.408320119943926
"2018_1233_1281",0.720564181264334
"2018_1233_1285",0.644539820294403
"2018_1233_1293",0.295092130285231
"2018_1233_1300",0.175793923911615
"2018_1233_1301",0.426120892843292
"2018_1233_1305",0.5385558631214
"2018_1233_1308",0.133055021323486
"2018_1233_1314",0.525901081007779
"2018_1233_1326",0.486916387715486
"2018_1233_1328",0.451563995160407
"2018_1233_1335",0.106487118428626
"2018_1233_1344",0.51081419517255
"2018_1233_1345",0.487065997826104
"2018_1233_1347",0.23813295227007
"2018_1233_1348",0.452282630452978
"2018_1233_1355",0.433532389226481
"2018_1233_1361",0.940920092407379
"2018_1233_1371",0.945861993484976
"2018_1233_1372",0.802939434395042
"2018_1233_1382",0.519328284399441
"2018_1233_1393",0.650739656359372
"2018_1233_1395",0.113845051281129
"2018_1233_1397",0.886192925007175
"2018_1233_1400",0.938733086511313
"2018_1233_1401",0.940722790620702
"2018_1233_1403",0.868089759904397
"2018_1233_1411",0.85328525263938
"2018_1233_1417",0.805934035251943
"2018_1233_1420",0.9438046395231
"2018_1233_1422",0.662330503660662
"2018_1233_1437",0.434565782536941
"2018_1233_1438",0.825561837121939
"2018_1233_1439",0.890568267798066
"2018_1233_1452",0.423765179404214
"2018_1233_1455",0.740623900097201
"2018_1233_1460",0.515863018603234
"2018_1233_1462",0.845213539279058
"2018_1242_1243",0.958637038938954
"2018_1242_1246",0.911928711183651
"2018_1242_1252",0.835390627720466
"2018_1242_1254",0.834868927062676
"2018_1242_1260",0.949907833818553
"2018_1242_1267",0.305727741251801
"2018_1242_1274",0.858076596673913
"2018_1242_1276",0.60954021363315
"2018_1242_1277",0.874735157190947
"2018_1242_1281",0.930238703049081
"2018_1242_1285",0.946374368163908
"2018_1242_1293",0.947745258500904
"2018_1242_1300",0.895647161501568
"2018_1242_1301",0.849128888682809
"2018_1242_1305",0.815355477581738
"2018_1242_1308",0.885465449986777
"2018_1242_1314",0.884780644602268
"2018_1242_1326",0.161663570083793
"2018_1242_1328",0.858609219755115
"2018_1242_1335",0.890799684052232
"2018_1242_1344",0.696840094174294
"2018_1242_1345",0.883199583676304
"2018_1242_1347",0.858256628952977
"2018_1242_1348",0.754814874133653
"2018_1242_1355",0.530219548357712
"2018_1242_1361",0.610670215615244
"2018_1242_1371",0.874669524795372
"2018_1242_1372",0.467073159854746
"2018_1242_1382",0.0233548587814735
"2018_1242_1393",0.747760271497465
"2018_1242_1395",0.468349633147501
"2018_1242_1397",0.747091285995214
"2018_1242_1400",0.435987938403642
"2018_1242_1401",0.764821087911034
"2018_1242_1403",0.591740491030555
"2018_1242_1411",0.529500955290759
"2018_1242_1417",0.1204049906571
"2018_1242_1420",0.257505803791535
"2018_1242_1422",0.485768689175245
"2018_1242_1437",0.225153092545607
"2018_1242_1438",0.519824318552651
"2018_1242_1439",0.267456116941701
"2018_1242_1452",0.43131287404188
"2018_1242_1455",0.757646619689134
"2018_1242_1460",0.565183436313955
"2018_1242_1462",0.71281535009242
"2018_1243_1246",0.740395734981148
"2018_1243_1252",0.76662411929303
"2018_1243_1254",0.484822256787822
"2018_1243_1260",0.504069405326261
"2018_1243_1267",0.565036263543863
"2018_1243_1274",0.167435408950543
"2018_1243_1276",0.771480577316873
"2018_1243_1277",0.602925757319617
"2018_1243_1281",0.075757709234012
"2018_1243_1285",0.602356605483054
"2018_1243_1293",0.550553818607141
"2018_1243_1300",0.347045620374397
"2018_1243_1301",0.584632491636022
"2018_1243_1305",0.779238719077137
"2018_1243_1308",0.451138159846265
"2018_1243_1314",0.157308242889574
"2018_1243_1326",0.590001622616637
"2018_1243_1328",0.511627966194403
"2018_1243_1335",0.658395100483738
"2018_1243_1344",0.615029583296953
"2018_1243_1345",0.364286845737828
"2018_1243_1347",0.29964912059897
"2018_1243_1348",0.0346508742099618
"2018_1243_1355",0.173612336376284
"2018_1243_1361",0.14025627337038
"2018_1243_1371",0.52986942925394
"2018_1243_1372",0.225982919760848
"2018_1243_1382",0.165509681028774
"2018_1243_1393",0.125153061807637
"2018_1243_1395",0.588371468063441
"2018_1243_1397",0.811817278537029
"2018_1243_1400",0.530592119114725
"2018_1243_1401",0.730184347668615
"2018_1243_1403",0.111081141417648
"2018_1243_1411",0.7294856111929
"2018_1243_1417",0.748033376099225
"2018_1243_1420",0.527911996271695
"2018_1243_1422",0.240467674148714
"2018_1243_1437",0.0213637858754737
"2018_1243_1438",0.693801562032449
"2018_1243_1439",0.503459010346346
"2018_1243_1452",0.413720630138916
"2018_1243_1455",0.445735720545443
"2018_1243_1460",0.740520525254041
"2018_1243_1462",0.569551307886962
"2018_1246_1252",0.580335209550974
"2018_1246_1254",0.463046245466917
"2018_1246_1260",0.497048646074575
"2018_1246_1267",0.209651177173705
"2018_1246_1274",0.0696175878001853
"2018_1246_1276",0.749923029430398
"2018_1246_1277",0.506748745649996
"2018_1246_1281",0.755015968840786
"2018_1246_1285",0.580913951379355
"2018_1246_1293",0.763161478940722
"2018_1246_1300",0.542666403182245
"2018_1246_1301",0.462104300733957
"2018_1246_1305",0.481292127872868
"2018_1246_1308",0.593236079153959
"2018_1246_1314",0.72249709306294
"2018_1246_1326",0.343451587912791
"2018_1246_1328",0.280877377898073
"2018_1246_1335",0.542517778087445
"2018_1246_1344",0.428685196064877
"2018_1246_1345",0.115509818387901
"2018_1246_1347",0.145599736751566
"2018_1246_1348",0.566133432273839
"2018_1246_1355",0.488845809453881
"2018_1246_1361",0.567786960855185
"2018_1246_1371",0.0317280669756788
"2018_1246_1372",0.56234271349074
"2018_1246_1382",0.249981274206823
"2018_1246_1393",0.155111878403325
"2018_1246_1395",0.160922046981818
"2018_1246_1397",0.326689713666519
"2018_1246_1400",0.507843630954036
"2018_1246_1401",0.637610035472204
"2018_1246_1403",0.797496044728919
"2018_1246_1411",0.129621726953451
"2018_1246_1417",0.153301789038117
"2018_1246_1420",0.40911114200716
"2018_1246_1422",0.507118451912478
"2018_1246_1437",0.210439387270477
"2018_1246_1438",0.0774501358552619
"2018_1246_1439",0.666053428883633
"2018_1246_1452",0.350765179184858
"2018_1246_1455",0.405180386084553
"2018_1246_1460",0.644340217344433
"2018_1246_1462",0.399015797753985
"2018_1252_1254",0.481605186564268
"2018_1252_1260",0.175392774240673
"2018_1252_1267",0.428983926822916
"2018_1252_1274",0.668285259858199
"2018_1252_1276",0.0144539968498052
"2018_1252_1277",0.645151901869555
"2018_1252_1281",0.32161330530232
"2018_1252_1285",0.541713790238189
"2018_1252_1293",0.470598620882615
"2018_1252_1300",0.494899520287326
"2018_1252_1301",0.427323069697186
"2018_1252_1305",0.684024486971528
"2018_1252_1308",0.408356071433499
"2018_1252_1314",0.366828442797017
"2018_1252_1326",0.365948832526263
"2018_1252_1328",0.15125503083108
"2018_1252_1335",0.636248878102963
"2018_1252_1344",0.260049295794617
"2018_1252_1345",0.443571318595985
"2018_1252_1347",0.102725584659771
"2018_1252_1348",0.603528838241054
"2018_1252_1355",0.0478641675118986
"2018_1252_1361",0.467130142289167
"2018_1252_1371",0.0215398917030062
"2018_1252_1372",0.443423518983503
"2018_1252_1382",0.0806596490089242
"2018_1252_1393",0.674318750999102
"2018_1252_1395",0.182951966087185
"2018_1252_1397",0.482198599656924
"2018_1252_1400",0.335150809993497
"2018_1252_1401",0.108447517630228
"2018_1252_1403",0.383994296263926
"2018_1252_1411",0.65721632459438
"2018_1252_1417",0.468806957900096
"2018_1252_1420",0.109796674400715
"2018_1252_1422",0.463294460496733
"2018_1252_1437",0.24583371541594
"2018_1252_1438",0.114138738821814
"2018_1252_1439",0.151865879422628
"2018_1252_1452",0.408713474738367
"2018_1252_1455",0.317474331100307
"2018_1252_1460",0.0909517039631906
"2018_1252_1462",0.207859603112816
"2018_1254_1260",0.725708173713304
"2018_1254_1267",0.409414823798394
"2018_1254_1274",0.391172520311834
"2018_1254_1276",0.400175110446608
"2018_1254_1277",0.132503506838422
"2018_1254_1281",0.0104221211288375
"2018_1254_1285",0.253981187074549
"2018_1254_1293",0.389630797384336
"2018_1254_1300",0.608546344252408
"2018_1254_1301",0.350436525935511
"2018_1254_1305",0.279528715393302
"2018_1254_1308",0.556753574070177
"2018_1254_1314",0.413012495559423
"2018_1254_1326",0.565405364607199
"2018_1254_1328",0.265787245873341
"2018_1254_1335",0.588862698081466
"2018_1254_1344",0.597885100018178
"2018_1254_1345",0.363917214165888
"2018_1254_1347",0.459121656301429
"2018_1254_1348",0.522252156436097
"2018_1254_1355",0.566275933191713
"2018_1254_1361",0.158557705656233
"2018_1254_1371",0.328484183225311
"2018_1254_1372",0.400745752721589
"2018_1254_1382",0.322853125873705
"2018_1254_1393",0.113456121692487
"2018_1254_1395",0.348893963847916
"2018_1254_1397",0.387921515523318
"2018_1254_1400",0.579273219752654
"2018_1254_1401",0.0348421565433222
"2018_1254_1403",0.201517727121845
"2018_1254_1411",0.0155626502357335
"2018_1254_1417",0.59129385323425
"2018_1254_1420",0.364055847172201
"2018_1254_1422",0.138524751265415
"2018_1254_1437",0.0803337489170334
"2018_1254_1438",0.250391340677864
"2018_1254_1439",0.293806024169803
"2018_1254_1452",0.331393651314078
"2018_1254_1455",0.0846897352305189
"2018_1254_1460",0.30922359167085
"2018_1254_1462",0.655167539840719
"2018_1260_1267",0.0592706618900047
"2018_1260_1274",0.189681568580645
"2018_1260_1276",0.0759687659637895
"2018_1260_1277",0.0813650716196748
"2018_1260_1281",0.332364957472368
"2018_1260_1285",0.434032949912684
"2018_1260_1293",0.113934810002901
"2018_1260_1300",0.0568595958256338
"2018_1260_1301",0.3157204614758
"2018_1260_1305",0.0670325092815403
"2018_1260_1308",0.38267493856655
"2018_1260_1314",0.293020480176072
"2018_1260_1326",0.386323601552361
"2018_1260_1328",0.331721462118002
"2018_1260_1335",0.717215823777831
"2018_1260_1344",0.461657243476496
"2018_1260_1345",0.539080279252959
"2018_1260_1347",0.657110422041745
"2018_1260_1348",0.484373012613728
"2018_1260_1355",0.388237580147194
"2018_1260_1361",0.526305357466355
"2018_1260_1371",0.731565944915406
"2018_1260_1372",0.13956681229115
"2018_1260_1382",0.486067403875696
"2018_1260_1393",0.500893169494797
"2018_1260_1395",0.68769668419563
"2018_1260_1397",0.50074345844307
"2018_1260_1400",0.715172893189234
"2018_1260_1401",0.134404178839105
"2018_1260_1403",0.373761248130818
"2018_1260_1411",0.211213501633762
"2018_1260_1417",0.0269665754064478
"2018_1260_1420",0.0994666422048175
"2018_1260_1422",0.369316517446986
"2018_1260_1437",0.404819270417025
"2018_1260_1438",0.421749888684907
"2018_1260_1439",0.528098300684823
"2018_1260_1452",0.248314358820623
"2018_1260_1455",0.0955865912174284
"2018_1260_1460",0.657156386872092
"2018_1260_1462",0.132797757436869
"2018_1267_1274",0.0181285608674703
"2018_1267_1276",0.520779605915843
"2018_1267_1277",0.598086136764011
"2018_1267_1281",0.695191864865678
"2018_1267_1285",0.455291095358784
"2018_1267_1293",0.439701046030304
"2018_1267_1300",0.552270934613007
"2018_1267_1301",0.464929589560124
"2018_1267_1305",0.111866438501116
"2018_1267_1308",0.0595194701220931
"2018_1267_1314",0.695942260482911
"2018_1267_1326",0.769095059182353
"2018_1267_1328",0.306728381211587
"2018_1267_1335",0.290964478130426
"2018_1267_1344",0.466019486492007
"2018_1267_1345",0.219904813930324
"2018_1267_1347",0.420826112135961
"2018_1267_1348",0.722728582782438
"2018_1267_1355",0.52462599933481
"2018_1267_1361",0.53967078581823
"2018_1267_1371",0.465297566761674
"2018_1267_1372",0.70706394252207
"2018_1267_1382",0.125972584462701
"2018_1267_1393",0.183953559507267
"2018_1267_1395",0.573454790629119
"2018_1267_1397",0.183241529990931
"2018_1267_1400",0.447164695898923
"2018_1267_1401",0.712560695271911
"2018_1267_1403",0.515473032304272
"2018_1267_1411",0.477077359579324
"2018_1267_1417",0.0877051408263193
"2018_1267_1420",0.502647463980656
"2018_1267_1422",0.347538021429498
"2018_1267_1437",0.575119104297635
"2018_1267_1438",0.365990804626627
"2018_1267_1439",0.0245892574211047
"2018_1267_1452",0.438216995881508
"2018_1267_1455",0.63546047050479
"2018_1267_1460",0.195862888501275
"2018_1267_1462",0.351866879239175
"2018_1274_1276",0.122262888260396
"2018_1274_1277",0.497109434604321
"2018_1274_1281",0.123760058845276
"2018_1274_1285",0.635507727718056
"2018_1274_1293",0.204085966280141
"2018_1274_1300",0.0912975632340854
"2018_1274_1301",0.12857456895778
"2018_1274_1305",0.477226758417528
"2018_1274_1308",0.382215973105616
"2018_1274_1314",0.504445639172678
"2018_1274_1326",0.69761453056071
"2018_1274_1328",0.286961371986209
"2018_1274_1335",0.102795226187312
"2018_1274_1344",0.751845580254209
"2018_1274_1345",0.442539822916866
"2018_1274_1347",0.397926609069076
"2018_1274_1348",0.271815058762633
"2018_1274_1355",0.703351359789199
"2018_1274_1361",0.674756256209432
"2018_1274_1371",0.462452437061239
"2018_1274_1372",0.441459440539851
"2018_1274_1382",0.431914750040731
"2018_1274_1393",0.169487047210727
"2018_1274_1395",0.69549011564401
"2018_1274_1397",0.687065996526808
"2018_1274_1400",0.66699927154643
"2018_1274_1401",0.170156764922269
"2018_1274_1403",0.0165171582639275
"2018_1274_1411",0.500963760204408
"2018_1274_1417",0.42388090320599
"2018_1274_1420",0.550138924852947
"2018_1274_1422",0.441824180538514
"2018_1274_1437",0.398834733562978
"2018_1274_1438",0.231057178997555
"2018_1274_1439",0.528748693398172
"2018_1274_1452",0.675533480482196
"2018_1274_1455",0.416513084851863
"2018_1274_1460",0.484894724814199
"2018_1274_1462",0.115906790446632
"2018_1276_1277",0.0544328962584244
"2018_1276_1281",0.460766561740371
"2018_1276_1285",0.516066632814179
"2018_1276_1293",0.248107815296985
"2018_1276_1300",0.325798001034535
"2018_1276_1301",0.519257504957178
"2018_1276_1305",0.0794367691938127
"2018_1276_1308",0.379796245385721
"2018_1276_1314",0.263412651913679
"2018_1276_1326",0.0153767908093842
"2018_1276_1328",0.131107059353843
"2018_1276_1335",0.605635476572636
"2018_1276_1344",0.519206578443965
"2018_1276_1345",0.251675914736663
"2018_1276_1347",0.0562087011721926
"2018_1276_1348",0.112708631618426
"2018_1276_1355",0.563276316124706
"2018_1276_1361",0.187812986670222
"2018_1276_1371",0.652405331415126
"2018_1276_1372",0.329021777933907
"2018_1276_1382",0.34766376878901
"2018_1276_1393",0.456092765749665
"2018_1276_1395",0.0585938815090401
"2018_1276_1397",0.0837485471506335
"2018_1276_1400",0.397249485638758
"2018_1276_1401",0.588341478767135
"2018_1276_1403",0.553739999502704
"2018_1276_1411",0.0662733442405948
"2018_1276_1417",0.0804575839251012
"2018_1276_1420",0.329662619693129
"2018_1276_1422",0.385027970810068
"2018_1276_1437",0.313089990339601
"2018_1276_1438",0.431037671616686
"2018_1276_1439",0.306622994882658
"2018_1276_1452",0.137074873262836
"2018_1276_1455",0.156936348529336
"2018_1276_1460",0.594947722437982
"2018_1276_1462",0.562404379372633
"2018_1277_1281",0.361097088681211
"2018_1277_1285",0.291280415281492
"2018_1277_1293",0.585905060647452
"2018_1277_1300",0.396278030495351
"2018_1277_1301",0.361235257481611
"2018_1277_1305",0.290498846193562
"2018_1277_1308",0.576296234096868
"2018_1277_1314",0.0344341022860602
"2018_1277_1326",0.0102970111458656
"2018_1277_1328",0.368352703634435
"2018_1277_1335",0.328695322791775
"2018_1277_1344",0.32019103516355
"2018_1277_1345",0.397818722925646
"2018_1277_1347",0.277077683134031
"2018_1277_1348",0.410057178511528
"2018_1277_1355",0.199561261044875
"2018_1277_1361",0.112234442456769
"2018_1277_1371",0.386732558676215
"2018_1277_1372",0.0751165433581422
"2018_1277_1382",0.383434509220642
"2018_1277_1393",0.346126908231745
"2018_1277_1395",0.972957987121664
"2018_1277_1397",0.949906888525043
"2018_1277_1400",0.984144841198427
"2018_1277_1401",0.965729448037737
"2018_1277_1403",0.971025026465007
"2018_1277_1411",0.930015411657522
"2018_1277_1417",0.832184034349484
"2018_1277_1420",0.965241621660905
"2018_1277_1422",0.990813934119345
"2018_1277_1437",0.962139646101541
"2018_1277_1438",0.803104869673756
"2018_1277_1439",0.984334138363688
"2018_1277_1452",0.773884468356973
"2018_1277_1455",0.950804956413619
"2018_1277_1460",0.823549474553549
"2018_1277_1462",0.953598193468254
"2018_1281_1285",0.9775463227636
"2018_1281_1293",0.986687890028261
"2018_1281_1300",0.979670186795413
"2018_1281_1301",0.965825342244248
"2018_1281_1305",0.97236899561709
"2018_1281_1308",0.984141657591401
"2018_1281_1314",0.974174103291952
"2018_1281_1326",0.472978916501006
"2018_1281_1328",0.879514708835734
"2018_1281_1335",0.986170203582298
"2018_1281_1344",0.374176400138208
"2018_1281_1345",0.986641263216945
"2018_1281_1347",0.988795949541878
"2018_1281_1348",0.987970886192907
"2018_1281_1355",0.901269408852657
"2018_1281_1361",0.672065757915215
"2018_1281_1371",0.987850849927944
"2018_1281_1372",0.834113267086162
"2018_1281_1382",0.970130838219426
"2018_1281_1393",0.956570109404812
"2018_1281_1395",0.964370994214448
"2018_1281_1397",0.840068521864586
"2018_1281_1400",0.963226013715068
"2018_1281_1401",0.896599950260213
"2018_1281_1403",0.934757209513104
"2018_1281_1411",0.879010410815287
"2018_1281_1417",0.974276023394707
"2018_1281_1420",0.965680461571833
"2018_1281_1422",0.968381561152104
"2018_1281_1437",0.914511474655
"2018_1281_1438",0.95923246901019
"2018_1281_1439",0.974335523423278
"2018_1281_1452",0.970148186087032
"2018_1281_1455",0.973146599667792
"2018_1281_1460",0.781506238135577
"2018_1281_1462",0.968173197922512
"2018_1285_1293",0.972780221086497
"2018_1285_1300",0.988291555498193
"2018_1285_1301",0.959380382650889
"2018_1285_1305",0.975576457387487
"2018_1285_1308",0.987367847263234
"2018_1285_1314",0.516873781671376
"2018_1285_1326",0.762314450810319
"2018_1285_1328",0.283228656129691
"2018_1285_1335",0.648590585746033
"2018_1285_1344",0.70741123427027
"2018_1285_1345",0.121869400275589
"2018_1285_1347",0.564184622800193
"2018_1285_1348",0.128504948807811
"2018_1285_1355",0.13006722974377
"2018_1285_1361",0.511340160521435
"2018_1285_1371",0.360556872208698
"2018_1285_1372",0.499122830950246
"2018_1285_1382",0.178347181102631
"2018_1285_1393",0.452278046331822
"2018_1285_1395",0.0174678735797897
"2018_1285_1397",0.651366909127043
"2018_1285_1400",0.528664498827005
"2018_1285_1401",0.679521806264167
"2018_1285_1403",0.491294862661642
"2018_1285_1411",0.648544086689757
"2018_1285_1417",0.687885260744918
"2018_1285_1420",0.108165858754995
"2018_1285_1422",0.437840466487624
"2018_1285_1437",0.0574385539290298
"2018_1285_1438",0.0923685442758277
"2018_1285_1439",0.364957185166968
"2018_1285_1452",0.411642149796969
"2018_1285_1455",0.204985010427454
"2018_1285_1460",0.709487221389707
"2018_1285_1462",0.213489392616728
"2018_1293_1300",0.529675758474089
"2018_1293_1301",0.0319705369562091
"2018_1293_1305",0.699174259657542
"2018_1293_1308",0.687123920318907
"2018_1293_1314",0.456626836826743
"2018_1293_1326",0.379299055552332
"2018_1293_1328",0.430411280769534
"2018_1293_1335",0.445934099418469
"2018_1293_1344",0.455907044505577
"2018_1293_1345",0.45554016678049
"2018_1293_1347",0.13508927404572
"2018_1293_1348",0.724078655160836
"2018_1293_1355",0.491444529511057
"2018_1293_1361",0.0259923172698437
"2018_1293_1371",0.177652128015355
"2018_1293_1372",0.515191787150587
"2018_1293_1382",0.474939462107715
"2018_1293_1393",0.47663135768771
"2018_1293_1395",0.588967589237946
"2018_1293_1397",0.29875003873617
"2018_1293_1400",0.0961318528921876
"2018_1293_1401",0.715090795248605
"2018_1293_1403",0.518669775501935
"2018_1293_1411",0.542907346744113
"2018_1293_1417",0.241326524556419
"2018_1293_1420",0.530267814987605
"2018_1293_1422",0.395745942327309
"2018_1293_1437",0.412560126769939
"2018_1293_1438",0.967693440903051
"2018_1293_1439",0.935650609028078
"2018_1293_1452",0.8845708721606
"2018_1293_1455",0.966462198403338
"2018_1293_1460",0.622407509582966
"2018_1293_1462",0.970466106811501
"2018_1300_1301",0.961662816082473
"2018_1300_1305",0.843022550832437
"2018_1300_1308",0.670186662565248
"2018_1300_1314",0.309800129572802
"2018_1300_1326",0.977572935692802
"2018_1300_1328",0.19460268383266
"2018_1300_1335",0.667111837232886
"2018_1300_1344",0.934303906986327
"2018_1300_1345",0.653520113407803
"2018_1300_1347",0.962110195492069
"2018_1300_1348",0.961655294124926
"2018_1300_1355",0.746835987582375
"2018_1300_1361",0.453016156678369
"2018_1300_1371",0.58038205725083
"2018_1300_1372",0.918183869956739
"2018_1300_1382",0.94621914893282
"2018_1300_1393",0.886500324413856
"2018_1300_1395",0.969313424637804
"2018_1300_1397",0.911268332048812
"2018_1300_1400",0.904841247943637
"2018_1300_1401",0.591079825102856
"2018_1300_1403",0.967582470224576
"2018_1300_1411",0.951158157164969
"2018_1300_1417",0.938438332215403
"2018_1300_1420",0.97075282272087
"2018_1300_1422",0.97272625204444
"2018_1300_1437",0.745936773290363
"2018_1300_1438",0.93867240280814
"2018_1300_1439",0.931239382594947
"2018_1300_1452",0.913683449975533
"2018_1300_1455",0.266153963007872
"2018_1300_1460",0.777986291848619
"2018_1300_1462",0.89253202050522
"2018_1301_1305",0.786738167958893
"2018_1301_1308",0.925245601832154
"2018_1301_1314",0.936082338588027
"2018_1301_1326",0.679767480323696
"2018_1301_1328",0.91949194834043
"2018_1301_1335",0.935243918204988
"2018_1301_1344",0.812139628191591
"2018_1301_1345",0.852725151122056
"2018_1301_1347",0.929246278347621
"2018_1301_1348",0.929206895530742
"2018_1301_1355",0.919167080581117
"2018_1301_1361",0.941664951681032
"2018_1301_1371",0.91927690876735
"2018_1301_1372",0.905166994948209
"2018_1301_1382",0.899000824611372
"2018_1301_1393",0.971519255451175
"2018_1301_1395",0.924775057595241
"2018_1301_1397",0.937869544709023
"2018_1301_1400",0.916236827661053
"2018_1301_1401",0.938809082428362
"2018_1301_1403",0.87790697408449
"2018_1301_1411",0.892014241952417
"2018_1301_1417",0.687178142435542
"2018_1301_1420",0.806500318952063
"2018_1301_1422",0.803019788692514
"2018_1301_1437",0.925897771107747
"2018_1301_1438",0.364859216561835
"2018_1301_1439",0.904023477445307
"2018_1301_1452",0.752124748284262
"2018_1301_1455",0.28391087675982
"2018_1301_1460",0.220573977923177
"2018_1301_1462",0.368081324620008
"2018_1305_1308",0.834528855945838
"2018_1305_1314",0.113997818156694
"2018_1305_1326",0.813769426430129
"2018_1305_1328",0.458178397825878
"2018_1305_1335",0.904892006181303
"2018_1305_1344",0.350933669397727
"2018_1305_1345",0.895683618848873
"2018_1305_1347",0.320885205085129
"2018_1305_1348",0.879208982948091
"2018_1305_1355",0.191858708425677
"2018_1305_1361",0.780119850870076
"2018_1305_1371",0.0647753291540951
"2018_1305_1372",0.795173814511654
"2018_1305_1382",0.895352048345186
"2018_1305_1393",0.76523489616959
"2018_1305_1395",0.900543356906232
"2018_1305_1397",0.877885105544921
"2018_1305_1400",0.766020936084689
"2018_1305_1401",0.790026240586425
"2018_1305_1403",0.718429632053704
"2018_1305_1411",0.456999350839928
"2018_1305_1417",0.691255468027137
"2018_1305_1420",0.731594345111717
"2018_1305_1422",0.513968514323319
"2018_1305_1437",0.292959180527497
"2018_1305_1438",0.814383757545369
"2018_1305_1439",0.91090146556871
"2018_1305_1452",0.501120885285787
"2018_1305_1455",0.624020944105633
"2018_1305_1460",0.704200909990682
"2018_1305_1462",0.553417137789854
"2018_1308_1314",0.762862384359895
"2018_1308_1326",0.746443703448048
"2018_1308_1328",0.758192473120112
"2018_1308_1335",0.907219390036587
"2018_1308_1344",0.0941733665485576
"2018_1308_1345",0.807620377732466
"2018_1308_1347",0.805447115380794
"2018_1308_1348",0.814742767939365
"2018_1308_1355",0.81227919558228
"2018_1308_1361",0.848078175942891
"2018_1308_1371",0.732337716850486
"2018_1308_1372",0.606209196356727
"2018_1308_1382",0.790125562739294
"2018_1308_1393",0.378297023797006
"2018_1308_1395",0.822292937056388
"2018_1308_1397",0.778954047081305
"2018_1308_1400",0.765500514611848
"2018_1308_1401",0.344132761521064
"2018_1308_1403",0.23321247112588
"2018_1308_1411",0.138151503261706
"2018_1308_1417",0.34689233273152
"2018_1308_1420",0.0402322137460133
"2018_1308_1422",0.017028931350232
"2018_1308_1437",0.0581200885521443
"2018_1308_1438",0.407348725279235
"2018_1308_1439",0.020232741668775
"2018_1308_1452",0.0333301386431774
"2018_1308_1455",0.166425887703512
"2018_1308_1460",0.0281177801282847
"2018_1308_1462",0.37608346658174
"2018_1314_1326",0.384362279797801
"2018_1314_1328",0.205654112130153
"2018_1314_1335",0.18127817439873
"2018_1314_1344",0.229274525128875
"2018_1314_1345",0.24177058313575
"2018_1314_1347",0.165900909209251
"2018_1314_1348",0.220752032572198
"2018_1314_1355",0.037956243283803
"2018_1314_1361",0.0407715375338392
"2018_1314_1371",0.140433640756522
"2018_1314_1372",0.215513500869117
"2018_1314_1382",0.00502871082817035
"2018_1314_1393",0.0682934084441292
"2018_1314_1395",0.00930155735125798
"2018_1314_1397",0.409777401704124
"2018_1314_1400",0.108028629895535
"2018_1314_1401",0.385201166558587
"2018_1314_1403",0.344086717304427
"2018_1314_1411",0.190116830677576
"2018_1314_1417",0.192832326377928
"2018_1314_1420",0.215412272793651
"2018_1314_1422",0.397854743101087
"2018_1314_1437",0.242515422155051
"2018_1314_1438",0.269016583505606
"2018_1314_1439",0.289444909673186
"2018_1314_1452",0.192151431262586
"2018_1314_1455",0.186200035673979
"2018_1314_1460",0.02934800707323
"2018_1314_1462",0.00752927492616755
"2018_1326_1328",0.42727045753249
"2018_1326_1335",0.23450123534139
"2018_1326_1344",0.0425142701752401
"2018_1326_1345",0.100989067850602
"2018_1326_1347",0.148008730257406
"2018_1326_1348",0.156962717679034
"2018_1326_1355",0.0686916459977817
"2018_1326_1361",0.0716377631689166
"2018_1326_1371",0.176832911456102
"2018_1326_1372",0.0829289164281461
"2018_1326_1382",0.0578605884140523
"2018_1326_1393",0.192381136894125
"2018_1326_1395",0.476923898705157
"2018_1326_1397",0.232010269561927
"2018_1326_1400",0.416406772186906
"2018_1326_1401",0.242952305361583
"2018_1326_1403",0.239978041006038
"2018_1326_1411",0.204548168862669
"2018_1326_1417",0.252423572787919
"2018_1326_1420",0.316266640199813
"2018_1326_1422",0.0356372925064245
"2018_1326_1437",0.0150425226426251
"2018_1326_1438",0.149665879685144
"2018_1326_1439",0.0178794091986947
"2018_1326_1452",0.219420225000559
"2018_1326_1455",0.0294992747820375
"2018_1326_1460",0.0248705952388409
"2018_1326_1462",0.173968038001266
"2018_1328_1335",0.31891140949189
"2018_1328_1344",0.211432650632419
"2018_1328_1345",0.0515920125139085
"2018_1328_1347",0.123815942164835
"2018_1328_1348",0.207762824037073
"2018_1328_1355",0.0964689533450671
"2018_1328_1361",0.37967282351397
"2018_1328_1371",0.396744604070917
"2018_1328_1372",0.194872344571523
"2018_1328_1382",0.163315500894728
"2018_1328_1393",0.00443579960918332
"2018_1328_1395",0.0361173380688326
"2018_1328_1397",0.355813652902957
"2018_1328_1400",0.033612157292229
"2018_1328_1401",0.0606962959467915
"2018_1328_1403",0.494732492430648
"2018_1328_1411",0.0513600701791383
"2018_1328_1417",0.377308511050028
"2018_1328_1420",0.194966318920229
"2018_1328_1422",0.061053135616689
"2018_1328_1437",0.173339448537819
"2018_1328_1438",0.132807933115768
"2018_1328_1439",0.355001810690067
"2018_1328_1452",0.167849645774214
"2018_1328_1455",0.149184307630591
"2018_1328_1460",0.171461761817999
"2018_1328_1462",0.140994509594955
"2018_1335_1344",0.220116196929611
"2018_1335_1345",0.316222526770824
"2018_1335_1347",0.185824268715253
"2018_1335_1348",0.346998949625129
"2018_1335_1355",0.212634432581946
"2018_1335_1361",0.173551496827031
"2018_1335_1371",0.125895861653683
"2018_1335_1372",0.368079830786721
"2018_1335_1382",0.0082090117820466
"2018_1335_1393",0.244961213062876
"2018_1335_1395",0.00664350276613776
"2018_1335_1397",0.0636940503698612
"2018_1335_1400",0.0376689446092486
"2018_1335_1401",0.217745805281197
"2018_1335_1403",0.386133786975215
"2018_1335_1411",0.264223126754857
"2018_1335_1417",0.0259625445804427
"2018_1335_1420",0.220524476107256
"2018_1335_1422",0.21031192904576
"2018_1335_1437",0.159225050704368
"2018_1335_1438",0.44561068278382
"2018_1335_1439",0.0901065690661463
"2018_1335_1452",0.0738327341983809
"2018_1335_1455",0.229386338040714
"2018_1335_1460",0.199832629756705
"2018_1335_1462",0.184800155227042
"2018_1344_1345",0.425725166294609
"2018_1344_1347",0.664390074451691
"2018_1344_1348",0.0973356847107605
"2018_1344_1355",0.0714673096063042
"2018_1344_1361",0.661617919470875
"2018_1344_1371",0.805436866063766
"2018_1344_1372",0.135126027450688
"2018_1344_1382",0.0606528485830584
"2018_1344_1393",0.466648648708073
"2018_1344_1395",0.471016790157983
"2018_1344_1397",0.0184892625433443
"2018_1344_1400",0.186985330223573
"2018_1344_1401",0.699427741969146
"2018_1344_1403",0.700172206973098
"2018_1344_1411",0.378470434085825
"2018_1344_1417",0.113875920526694
"2018_1344_1420",0.544062790157778
"2018_1344_1422",0.426651774889752
"2018_1344_1437",0.721268350834986
"2018_1344_1438",0.0338107503913596
"2018_1344_1439",0.186264244180794
"2018_1344_1452",0.136756171866109
"2018_1344_1455",0.719243236569525
"2018_1344_1460",0.452131007962731
"2018_1344_1462",0.531305899177941
"2018_1345_1347",0.735488667001009
"2018_1345_1348",0.602900653319608
"2018_1345_1355",0.525785921100731
"2018_1345_1361",0.311012437032976
"2018_1345_1371",0.726732208348807
"2018_1345_1372",0.469925491236244
"2018_1345_1382",0.50576044069018
"2018_1345_1393",0.691990572234876
"2018_1345_1395",0.491081978561368
"2018_1345_1397",0.141994328251923
"2018_1345_1400",0.128198882159593
"2018_1345_1401",0.505910131751878
"2018_1345_1403",0.214576412776133
"2018_1345_1411",0.215630248077237
"2018_1345_1417",0.661663591177195
"2018_1345_1420",0.393014693271091
"2018_1345_1422",0.533096706162231
"2018_1345_1437",0.409663786247348
"2018_1345_1438",0.223366920224154
"2018_1345_1439",0.540622149774132
"2018_1345_1452",0.77263979802156
"2018_1345_1455",0.824433646129739
"2018_1345_1460",0.101278784209909
"2018_1345_1462",0.0274982011296343
"2018_1347_1348",0.711203372907226
"2018_1347_1355",0.557227971386061
"2018_1347_1361",0.460272518843721
"2018_1347_1371",0.374003147330039
"2018_1347_1372",0.54465230523211
"2018_1347_1382",0.252079204835821
"2018_1347_1393",0.2951220871928
"2018_1347_1395",0.513586197459857
"2018_1347_1397",0.578356352877548
"2018_1347_1400",0.529628425121895
"2018_1347_1401",0.470293947127298
"2018_1347_1403",0.543055778165151
"2018_1347_1411",0.489386752421221
"2018_1347_1417",0.444651136792766
"2018_1347_1420",0.501032178679884
"2018_1347_1422",0.0518589257907467
"2018_1347_1437",0.307380380329926
"2018_1347_1438",0.677397415139534
"2018_1347_1439",0.704306135709295
"2018_1347_1452",0.328612540610936
"2018_1347_1455",0.0734293152761729
"2018_1347_1460",0.274021016901745
"2018_1347_1462",0.542230861016723
"2018_1348_1355",0.585127824747704
"2018_1348_1361",0.0375735746961399
"2018_1348_1371",0.377051608204128
"2018_1348_1372",0.0317127592217637
"2018_1348_1382",0.0743791678155706
"2018_1348_1393",0.0774424439777567
"2018_1348_1395",0.0174403925711945
"2018_1348_1397",0.0540701008301744
"2018_1348_1400",0.273267902072869
"2018_1348_1401",0.565108149390294
"2018_1348_1403",0.435062542914586
"2018_1348_1411",0.00946453550944903
"2018_1348_1417",0.497930358656292
"2018_1348_1420",0.0611952061712092
"2018_1348_1422",0.359955821863681
"2018_1348_1437",0.532616310317943
"2018_1348_1438",0.175169092115043
"2018_1348_1439",0.069411174226912
"2018_1348_1452",0.247228493429004
"2018_1348_1455",0.186307880456039
"2018_1348_1460",0.567576621347934
"2018_1348_1462",0.0141395008404763
"2018_1355_1361",0.232567093654114
"2018_1355_1371",0.295076345869458
"2018_1355_1372",0.341695323355591
"2018_1355_1382",0.541351119484922
"2018_1355_1393",0.311127347439599
"2018_1355_1395",0.497981359773741
"2018_1355_1397",0.365075120441975
"2018_1355_1400",0.37380123513379
"2018_1355_1401",0.235981842186455
"2018_1355_1403",0.341830040278502
"2018_1355_1411",0.127311328736505
"2018_1355_1417",0.104470525512042
"2018_1355_1420",0.347784332675609
"2018_1355_1422",0.310189270306205
"2018_1355_1437",0.389629049349618
"2018_1355_1438",0.574274969643279
"2018_1355_1439",0.377610034843033
"2018_1355_1452",0.288824981294408
"2018_1355_1455",0.104026932302939
"2018_1355_1460",0.376098726259249
"2018_1355_1462",0.366744052735002
"2018_1361_1371",0.122377440254939
"2018_1361_1372",0.145997464359865
"2018_1361_1382",0.12170863589173
"2018_1361_1393",0.260350696098785
"2018_1361_1395",0.310505846988767
"2018_1361_1397",0.348773907943105
"2018_1361_1400",0.555382951151628
"2018_1361_1401",0.363515423479063
"2018_1361_1403",0.301948424055396
"2018_1361_1411",0.410291253947637
"2018_1361_1417",0.632855412926409
"2018_1361_1420",0.327117665796297
"2018_1361_1422",0.154731083078739
"2018_1361_1437",0.394419803810624
"2018_1361_1438",0.0176785720851207
"2018_1361_1439",0.491438833646088
"2018_1361_1452",0.320575554871762
"2018_1361_1455",0.557520697793985
"2018_1361_1460",0.357686927944188
"2018_1361_1462",0.0669251946935409
"2018_1371_1372",0.0642240084782948
"2018_1371_1382",0.0467002708985767
"2018_1371_1393",0.619846551378883
"2018_1371_1395",0.321401387235024
"2018_1371_1397",0.431654406994603
"2018_1371_1400",0.638956305775631
"2018_1371_1401",0.0118475400555175
"2018_1371_1403",0.554457769113624
"2018_1371_1411",0.275499811117544
"2018_1371_1417",0.279315502723371
"2018_1371_1420",0.0394742412448022
"2018_1371_1422",0.749296848603895
"2018_1371_1437",0.596947021837856
"2018_1371_1438",0.554508165507811
"2018_1371_1439",0.380485080419783
"2018_1371_1452",0.0756088828377769
"2018_1371_1455",0.724883072782314
"2018_1371_1460",0.361726863415046
"2018_1371_1462",0.127690721499449
"2018_1372_1382",0.574574390673277
"2018_1372_1393",0.432237590943518
"2018_1372_1395",0.360716110644454
"2018_1372_1397",0.597799352476601
"2018_1372_1400",0.29183851517461
"2018_1372_1401",0.0952944858712405
"2018_1372_1403",0.400876221903724
"2018_1372_1411",0.210411059544792
"2018_1372_1417",0.0915951719587055
"2018_1372_1420",0.0217874073368561
"2018_1372_1422",0.46610599490139
"2018_1372_1437",0.622212034050562
"2018_1372_1438",0.148126524262507
"2018_1372_1439",0.344370402256763
"2018_1372_1452",0.127162533079407
"2018_1372_1455",0.176627212949734
"2018_1372_1460",0.413727130838457
"2018_1372_1462",0.0904469471245411
"2018_1382_1393",0.588466116462052
"2018_1382_1395",0.394562848863612
"2018_1382_1397",0.428256923933516
"2018_1382_1400",0.444752864224908
"2018_1382_1401",0.419110405161859
"2018_1382_1403",0.628617835767349
"2018_1382_1411",0.0855835941869352
"2018_1382_1417",0.148915884492526
"2018_1382_1420",0.223184468766311
"2018_1382_1422",0.43065893024624
"2018_1382_1437",0.683837384298043
"2018_1382_1438",0.40192376974237
"2018_1382_1439",0.33757482135245
"2018_1382_1452",0.420862619558442
"2018_1382_1455",0.351817538124004
"2018_1382_1460",0.417471644166249
"2018_1382_1462",0.378887401386599
"2018_1393_1395",0.361057263524518
"2018_1393_1397",0.610501741054051
"2018_1393_1400",0.306364850510519
"2018_1393_1401",0.963300060280742
"2018_1393_1403",0.210683141347877
"2018_1393_1411",0.874968776558077
"2018_1393_1417",0.918463273407089
"2018_1393_1420",0.893678242209089
"2018_1393_1422",0.730819941879516
"2018_1393_1437",0.54814815571026
"2018_1393_1438",0.906190344378492
"2018_1393_1439",0.859395858804966
"2018_1393_1452",0.956458092546842
"2018_1393_1455",0.949206534509524
"2018_1393_1460",0.609715194493125
"2018_1393_1462",0.977938621548706
"2018_1395_1397",0.504438317564104
"2018_1395_1400",0.917419126821899
"2018_1395_1401",0.15097633114733
"2018_1395_1403",0.599274041113598
"2018_1395_1411",0.760857242907096
"2018_1395_1417",0.893261302266285
"2018_1395_1420",0.948604988708776
"2018_1395_1422",0.960290665177429
"2018_1395_1437",0.684648962022337
"2018_1395_1438",0.87538269942843
"2018_1395_1439",0.378697650791744
"2018_1395_1452",0.851813157912602
"2018_1395_1455",0.420815485120269
"2018_1395_1460",0.595936695421509
"2018_1395_1462",0.883152922368536
"2018_1397_1400",0.515455793920072
"2018_1397_1401",0.886237758096123
"2018_1397_1403",0.809928936052778
"2018_1397_1411",0.960672161405106
"2018_1397_1417",0.956605435992046
"2018_1397_1420",0.901078247173194
"2018_1397_1422",0.906241239522899
"2018_1397_1437",0.934777543305521
"2018_1397_1438",0.892000010969693
"2018_1397_1439",0.948614933909811
"2018_1397_1452",0.849394214421878
"2018_1397_1455",0.914008507660636
"2018_1397_1460",0.918641088929571
"2018_1397_1462",0.914536377168683
"2018_1400_1401",0.915096910807961
"2018_1400_1403",0.720588280516089
"2018_1400_1411",0.683622436419504
"2018_1400_1417",0.581263005906289
"2018_1400_1420",0.954971279434437
"2018_1400_1422",0.248310733599695
"2018_1400_1437",0.952451648779424
"2018_1400_1438",0.928306940731948
"2018_1400_1439",0.975048832026918
"2018_1400_1452",0.969769768182263
"2018_1400_1455",0.918158795183386
"2018_1400_1460",0.961692336945968
"2018_1400_1462",0.922360384712083
"2018_1401_1403",0.798074529464185
"2018_1401_1411",0.889504837556372
"2018_1401_1417",0.900471944349429
"2018_1401_1420",0.867563263807977
"2018_1401_1422",0.90881879813901
"2018_1401_1437",0.908456874746403
"2018_1401_1438",0.958757721719874
"2018_1401_1439",0.912788984128218
"2018_1401_1452",0.941484687742271
"2018_1401_1455",0.721843288999312
"2018_1401_1460",0.893402246767177
"2018_1401_1462",0.0629998703584642
"2018_1403_1411",0.0496196804205384
"2018_1403_1417",0.265653120048796
"2018_1403_1420",0.120438853931057
"2018_1403_1422",0.195319552998173
"2018_1403_1437",0.512506044962086
"2018_1403_1438",0.327031763483755
"2018_1403_1439",0.19832873751528
"2018_1403_1452",0.293782092757852
"2018_1403_1455",0.293657863061683
"2018_1403_1460",0.085454265963202
"2018_1403_1462",0.530443265916971
"2018_1411_1417",0.0437794907552003
"2018_1411_1420",0.060470432066761
"2018_1411_1422",0.232142591797092
"2018_1411_1437",0.442749531730124
"2018_1411_1438",0.315325190248424
"2018_1411_1439",0.104623194689748
"2018_1411_1452",0.357852423637365
"2018_1411_1455",0.0850837463129746
"2018_1411_1460",0.477194529888562
"2018_1411_1462",0.281627486799515
"2018_1417_1420",0.257314660647708
"2018_1417_1422",0.00759508444886086
"2018_1417_1437",0.445762432815694
"2018_1417_1438",0.0419704740289764
"2018_1417_1439",0.485965474492154
"2018_1417_1452",0.0596867463226226
"2018_1417_1455",0.300195099788484
"2018_1417_1460",0.338315996561614
"2018_1417_1462",0.280257128996856
"2018_1420_1422",0.313872967277577
"2018_1420_1437",0.519335019860964
"2018_1420_1438",0.264799447800036
"2018_1420_1439",0.0563748611311999
"2018_1420_1452",0.154973025682762
"2018_1420_1455",0.251093009497997
"2018_1420_1460",0.0255622080240094
"2018_1420_1462",0.0303219390737787
"2018_1422_1437",0.231467877618953
"2018_1422_1438",0.325616978917323
"2018_1422_1439",0.57994564181077
"2018_1422_1452",0.245449007555913
"2018_1422_1455",0.323467985085355
"2018_1422_1460",0.265087502040675
"2018_1422_1462",0.500127135449198
"2018_1437_1438",0.310562284632527
"2018_1437_1439",0.099904654662536
"2018_1437_1452",0.219928584565688
"2018_1437_1455",0.442699199007733
"2018_1437_1460",0.262245322409234
"2018_1437_1462",0.627124606569266
"2018_1438_1439",0.32650889516054
"2018_1438_1452",0.381505927345343
"2018_1438_1455",0.0113572302741066
"2018_1438_1460",0.208270060509291
"2018_1438_1462",0.656097777272163
"2018_1439_1452",0.145372952454963
"2018_1439_1455",0.100467349044564
"2018_1439_1460",0.316880198666591
"2018_1439_1462",0.299280014188776
"2018_1452_1455",0.0140178315030389
"2018_1452_1460",0.486850750427728
"2018_1452_1462",0.462974467487717
"2018_1455_1460",0.509994608003081
"2018_1455_1462",0.409146130777315
"2018_1460_1462",0.0413761093558298
